{"argNumInputs":2,"argNumHidden":4,"argLearningRate":0.2,"argMomentumTerm":0.0,"bipolar":false,"weightIH":{"m":[[-0.15788236374412268,-0.14592159794695936],[-0.2385573921597791,0.14742264146505024],[0.19941531243066668,0.15095646003290908],[0.10124601230942099,0.1658948368379194]],"rows":4,"cols":2},"weightHO":{"m":[[0.10581816406815014,0.12668647732310134,0.4794595672598396,-0.46363426198543123]],"rows":1,"cols":4}}