{
  "argNumInputs": 2,
  "argNumHidden": 4,
  "argLearningRate": 0.2,
  "argMomentumTerm": 0.0,
  "bipolar": false,
  "weightIH": {
    "m": [
      [
        0.27314181337530463,
        0.3563062453501973,
        0.009175415205064041,
        0.03185181691471739
      ],
      [
        0.1755168281082684,
        0.22798923465291066,
        0.24045018678005448,
        -0.4092572859237368
      ]
    ],
    "rows": 2,
    "cols": 4
  },
  "weightHO": {
    "m": [
      [
        0.25215585421098274
      ],
      [
        0.48639096249250835
      ],
      [
        -0.4164371969817965
      ],
      [
        -0.18775272458730452
      ]
    ],
    "rows": 4,
    "cols": 1
  }
}